,UniprotAcc,Gene,Sequence,Position,WTvsKO
0,P49736,MCM2,GLLYDsDEEDE,S139,0.3327053708564466
1,Q99704,DOK1,PYNPAtDDYAV,T406,0.7517197424826491
2,Q14511,NEDD9,PPSHTtQGVYD,T185,0.7934452512818452
3,O95249,GOSR1,RDRYSsDTTPL,S52,-0.3022902484911327
4,P08581,MET,LVSARsVSPTT,S988,-0.13862391144540168
5,Q9BWU0,SLC4A1AP,EDFYDsDDDTF,S466,-0.21434508540620276
6,P01130,LDLR,PVYQKtTEDEV,T831,0.39960297989153626
7,Q09666,AHNAK,SEVVLsGDDEE,S115,1.0877341510640086
8,Q9H1E3,NUCKS1,SQFQEsDDADE,S19,-0.2048606923627612
9,Q9NWQ8,PAG1,SLSYKsREEDP,S301,0.478697379056987
10,Q96PK6,RBM14,ANANStPPPYE,T572,-1.137482621833952
11,Q12774,ARHGEF5,RRDRRsGRDYS,S652,1.4537821975395815
12,Q9BRG2,SH2D3A,TKPPRtPSFEL,T216,-0.4138813354686572
13,Q9UQ35,SRRM2,CAGVKsStPPG,S1041/T1043,-1.239882638165783
14,Q9UPZ9,ICK,AREIRsKPPYT,S152,1.192387998675276
15,Q01082,SPTBN1,GHDEYsTQSLV,S778,0.4708416453932091
16,P02786,TFRC,MDQARsAFSNL,S7,0.2015497864063516
17,Q9GZN8,C20orf27,ELEYDsEHSDW,S165,0.21348257232858875
18,Q96A22,C11orf52,HLENAtEYATL,T101,1.0556969496156228
