Cell Lines,Treatment,GPX1,GPX2,GPX3,GSTP1,GSR,SOD1,PYCR1,HIF1A,PPT1
WT,UT,1.34202195,-3.134702307,1.824974333,-2.117440566,0.228161671,0.929207513,-0.505100853,1.74573898,-0.406871989
WT,E,1.217475521,0.708749918,2.268481022,0.53129899,0.826669285,-0.033795876,-0.505121352,0.430773146,0.64616733
WT,EA,2.446659735,2.372007334,3.138868945,1.068429834,1.884520829,0.970750889,1.903193982,1.6029282,-1.020521794
KO,UT,1.43592354,0.28009855,-0.0023327,-1.2418502,0.71601283,1.67704647,-0.5051265,0.99312188,-1.0004484
KO,E,0.245795966,-0.593012548,-0.88964467,0.560608118,-1.651574226,-0.771045343,-0.50512747,-1.646741109,2.032266911